RUN,2020/05/03 15:10
TAG_ADD,新型コロナウイルス感染症が心配なときに
TAG_ADD,市町村毎の感染状況
TAG_ADD,当サイトをご利用の際には、JavaScriptを有効にして頂きますようお願いいたします。
TAG_ADD,八千代市
TAG_ADD,個人
TAG_ADD,ボランティア
TAG_ADD,対策サイト
TAG_ADD,各保健所の電話番号は県公式HP
TAG_ADD,牛久市
TAG_ADD,陽性者数
TAG_ADD,{title}のグラフをシェア
TAG_ADD,市町村
TAG_ADD,当サイトについて
TAG_ADD,日付
TAG_ADD,福島県
TAG_ADD,かかりつけ医がいて症状のある方
TAG_ADD,軽い症状があり不安のある方
TAG_ADD,石川県
TAG_ADD,Googleのプライバシーポリシー
TAG_ADD,有志
TAG_ADD,秋田県
TAG_ADD,{age}代
TAG_ADD,{publicHealthCenter}に掲載しています
TAG_ADD,こちらのドキュメント
TAG_ADD,当サイトのソースコードはMITライセンスで公開されており、誰でも自由に利用することができます。
TAG_ADD,九州
TAG_ADD,つくばみらい市
TAG_ADD,男性
TAG_ADD,常陸太田市
TAG_ADD,相談の手順を見る
TAG_ADD,常総市
TAG_ADD,Twitterで{title}のグラフをシェア
TAG_ADD,サイトに関すること
TAG_ADD,当サイトの情報は、以下のサイトから入手・反映しています。
TAG_ADD,茨城県公式サイト
TAG_ADD,Google Analyticsによる情報送信を回避する場合は、Google がサポートする{addon}をご利用ください。
TAG_ADD,LINEで{title}のグラフをシェア
TAG_ADD,平日（夜間）: 午後5時から翌朝午前9時/土日祝 終日
TAG_ADD,Google Analyticsでは、当サイトが発行するクッキー (Cookie) 等を利用して、Webサイトの利用データ（アクセス状況、トラフィック、閲覧環境、IPアドレスなど）を収集しております。クッキーの利用に関してはGoogleのプライバシーポリシーと規約に基づいております。
TAG_ADD,別タブで開く
TAG_ADD,県内に所在する事業所・事務所につきましては、社会機能を維持するために必要な職種を除き、原則としてテレワーク等の活用を実施していただきますようお願い申し上げます。
TAG_ADD,出典: {source}
TAG_ADD,上記の症状に当てはまらない方は、新型コロナコールセンターにご相談ください。
TAG_ADD,Safari 最新版（macOS, iOS）
TAG_ADD,アクセスしようとしたページが見つかりませんでした。
TAG_ADD,https://tools.google.com/dlpage/gaoptout?hl=ja
TAG_ADD,下記、新型コロナコールセンターにご相談ください。
TAG_ADD,市町村毎の感染状況(地図)
TAG_ADD,JavaScriptを無効にして使用された場合、各ページが正常に動作しない、または、表示されない場合がございます。
TAG_ADD,京都府
TAG_ADD,Transifexというサービスを利用して、翻訳作業を行っております。
TAG_ADD,死亡数
TAG_ADD,浜松市
TAG_ADD,連絡先
TAG_ADD,測定を無効にするブラウザ アドオン
TAG_ADD,茨城県オープンデータカタログサイト
TAG_ADD,休業要請・協力金（相談窓口・ＦＡＱ等）について
TAG_ADD,各保健所の電話番号について
TAG_ADD,このページは随時更新されます。更新作業を手伝っていただけると幸いです。
TAG_ADD,詳しくは、{contact}をご確認ください。
TAG_ADD,新型コロナウイルス感染症にかかる相談窓口について
TAG_ADD,学習の基本的な内容を身に付けられる「東京・ベーシック・ドリル」や動画教材等があります。
TAG_ADD,鹿児島県
TAG_ADD,日別
TAG_ADD,の下に提供されています。
TAG_ADD,福岡市
TAG_ADD,高知県
TAG_ADD,{title}のグラフ
TAG_ADD,ご高齢の方・基礎疾患のある方・妊娠中の方は2日程度続いた場合、それ以外の方は4日以上続いた場合を相談の目安としてください。
TAG_ADD,（療養期間経過を含む）
TAG_ADD,2次元コード
TAG_ADD,茨城県公式
TAG_ADD,鳥取県
TAG_ADD,学生エンジニア
TAG_ADD,規則正しい生活を心がけ、日常の健康管理に十分気を付けてください。
TAG_ADD,（注）退院している人数を含む
TAG_ADD,トップページへ戻る
TAG_ADD,取手市
TAG_ADD,都内
TAG_ADD,「新型コロナウイルス感染症（対策・相談窓口等）について」
TAG_ADD,（注）医療機関が保険適用で行った検査も含む
TAG_ADD,詳しくは、{forDev}をご確認ください。
TAG_ADD,学生
TAG_ADD,翻訳について
TAG_ADD,山口県
TAG_ADD,テーブルを表示
TAG_ADD,Mozilla Firefox 最新版
TAG_ADD,クリップボードにコピー
TAG_ADD,入院者数
TAG_ADD,県内の最新感染動向
TAG_ADD,桜川市
TAG_ADD,新型コロナ受診相談窓口、またはかかりつけ医によって新型コロナ外来（帰国者・接触者外来）の受診が必要だと判断された方
TAG_ADD,他県の新型コロナ対策サイト
TAG_ADD,Google Analyticsの利用規約及びプライバシーポリシーに関する説明については、Google Analyticsのサイトをご覧ください。
TAG_ADD,埼玉県
TAG_ADD,知事メッセージ
TAG_ADD,翻訳する際に、アカウント登録が必要になりますが、お手伝いいただけるとうれしいです。
TAG_ADD,詳しくは、{transifex}をご確認ください。
TAG_ADD,相談方法は、症状や状況別で3つに分かれます
TAG_ADD,団体
TAG_ADD,ページが移動または削除されたか、URLの入力間違いの可能性があります。
TAG_ADD,医師により検査が必要だと判断されPCR検査（東京都健康安全研究センター等）を受けた結果
TAG_ADD,（注）「退院」には、自宅療養で陰性化した方を含む
TAG_ADD,新型コロナ電話相談件数
TAG_ADD,感染症を疑う場合の対応
TAG_ADD,サイドメニュー項目を閉じる
TAG_ADD,実績値
TAG_ADD,※ 推奨環境以外で利用された場合や、推奨環境下でもご利用のブラウザの設定等によっては、正しく表示されない場合がありますのでご了承ください。
TAG_ADD,新型コロナウイルス感染症
TAG_ADD,当サイトに掲載されている情報の正確性については万全を期していますが、利用者が当サイトの情報を用いて行う一切の行為について責任を負うものではありません。
TAG_ADD,print
TAG_ADD,かかりつけ医がいない、次の症状がある方
TAG_ADD,{date} 更新
TAG_ADD,広島県
TAG_ADD,平日（日中）:
TAG_ADD,守谷市
TAG_ADD,新潟県
TAG_ADD,愛媛県
TAG_ADD,（注）退院者数の把握には一定の期間を要しており、確認次第数値を更新している
TAG_ADD,各保健所にご相談ください
TAG_ADD,入院者数には、入院予定の患者を含む
TAG_ADD,福井県
TAG_ADD,JavaScriptについて
TAG_ADD,感染症指定医療機関等への入院、又は宿泊施設等での療養となります
TAG_ADD,滋賀県
TAG_ADD,居住地
TAG_ADD,宮崎県
TAG_ADD,10歳未満
TAG_ADD,Google Analyticsに関する詳細情報
TAG_ADD,詳細を見る
TAG_ADD,検査陽性者の状況
TAG_ADD,県民の皆様へ
TAG_ADD,{date} 発表
TAG_ADD,都道府県名
TAG_ADD,重症
TAG_ADD,公開サイト
TAG_ADD,埋め込み用コードをコピーしました
TAG_ADD,阿見町
TAG_ADD,茨城県緊急事態措置について
TAG_ADD,埋め込み用コード
TAG_ADD,24時間対応（土日祝含む）
TAG_ADD,当サイトへのリンクについて
TAG_ADD,東京都
TAG_ADD,手洗い、咳エチケット等により、感染予防に努めてください。
TAG_ADD,例目
TAG_ADD,群馬県
TAG_ADD,大分県
TAG_ADD,軽い症状があり、不安のある方
TAG_ADD,福井県公認
TAG_ADD,結城市
TAG_ADD,公表日
TAG_ADD,臨時休業期間における子供たちの学びを支援する様々なウェブサイトを紹介しています。
TAG_ADD,丹南ケーブルテレビ株式会社
TAG_ADD,青森県
TAG_ADD,小美玉市
TAG_ADD,地域情報サイト「まいぷれ」
TAG_ADD,電話のおかけ間違いが多くなっております。発信の際は今一度電話番号をお確かめの上、お間違えのないようお願いいたします。
TAG_ADD,詳しくは、{githubRepo}をご確認ください。
TAG_ADD,累計
TAG_ADD,退院
TAG_ADD,クッキーとは、Webコンテンツからの要求で利用者の手元の端末に一時的に保存されるデータのことで、当サイトでは利用状況の把握のためにクッキーを使用する場合があります。
TAG_ADD,また、テレワーク等の活用が困難な場合におきましても、時差出勤、テレビ会議等の積極的活用につきまして、特段のご配慮をお願い申し上げます。
TAG_ADD,Microsoft Edge 最新版
TAG_ADD,鹿嶋市
TAG_ADD,島根県
TAG_ADD,当サイトは以下の環境でご覧いただくことを推奨いたします。
TAG_ADD,千葉県
TAG_ADD,山梨県
TAG_ADD,筑西市
TAG_ADD,奈良県
TAG_ADD,山形県
TAG_ADD,ページによって連絡先が異なります。
TAG_ADD,こちら
TAG_ADD,長崎県
TAG_ADD,東京都のサイトへ移動します。
TAG_ADD,当プロジェクトをお手伝いいただける方へ
TAG_ADD,Google Analytics利用規約
TAG_ADD,静岡県
TAG_ADD,県はこのサイトには一切関与しておりません。
TAG_ADD,年代
TAG_ADD,佐賀県
TAG_ADD,00歳
TAG_ADD,水戸市
TAG_ADD,軽症・<br />中等症
TAG_ADD,当サイトに掲載されている情報の正確性については万全を期していますが、茨城県は利用者が当サイトの情報を用いて行う一切の行為について責任を負うものではありません。
TAG_ADD,（注）医療機関が保険適用で行った検査は含まれていない
TAG_ADD,新型コロナコールセンター相談件数
TAG_ADD,新型コロナウイルス感染症に関する中小企業支援策
TAG_ADD,閉じる
TAG_ADD,陽性患者の属性
TAG_ADD,公式サイトには、ページ下部に連絡先が掲載されております。
TAG_ADD,自宅で安静に過ごし、必要に応じて医療機関を受診してください
TAG_ADD,不特定多数の人の集まる場所等への外出を避け、基本的に自宅で過ごしてください。
TAG_ADD,累計値
TAG_ADD,免責事項
TAG_ADD,陰性の場合
TAG_ADD,岡山県
TAG_ADD,人
TAG_ADD,（注）「入院中」には、入院調整中・宿泊療養に移行した方を含む
TAG_ADD,ソースコードについて
TAG_ADD,退院※
TAG_ADD,また、利用者が当サイトを利用したことにより発生した利用者の損害及び利用者が第三者に与えた損害に対して、責任を負うものではありません。
TAG_ADD,坂東市
TAG_ADD,{age}歳
TAG_ADD,神奈川県
TAG_ADD,土浦市
TAG_ADD,当サイトではJavaScriptを使用しております。
TAG_ADD,非公式
TAG_ADD,【参考】感染症予防のための正しい手洗い方法（動画）
TAG_ADD,facebookで{title}のグラフをシェア
TAG_ADD,日立市
TAG_ADD,100歳以上
TAG_ADD,兵庫県
TAG_ADD,当サイトへのリンクは自由です。
TAG_ADD,多言語対応選択メニュー
TAG_ADD,ブラウザ環境について
TAG_ADD,かかりつけ医がいて、次の症状がある方
TAG_ADD,岩手県
TAG_ADD,日ごろ受診されている医療機関に電話でご相談ください。
TAG_ADD,陽性患者数
TAG_ADD,龍ケ崎保健所管内
TAG_ADD,サイドメニュー項目を開く
TAG_ADD,入院中・<br />入院予定
TAG_ADD,言語が足りない場合や翻訳が間違っている場合は、{transifex}から追加してください。
TAG_ADD,読み込み中
TAG_ADD,当サイトに掲載されている情報は、予告なしに変更又は削除することがあります。
TAG_ADD,その他
TAG_ADD,当サイトは新型コロナウイルス感染症 (COVID-19) に関する最新情報を提供するために、東京都が開設したものを、茨城県向けに改変したものです。
TAG_ADD,陽性の場合
TAG_ADD,古河市
TAG_ADD,このサイトの内容物は
TAG_ADD,新型コロナウイルス感染症対策サイト
TAG_ADD,お問い合わせ内容
TAG_ADD,件
TAG_ADD,ご気軽に管理者の{twitterDM}にご連絡ください。
TAG_ADD,企業活動における新型コロナウイルス感染症に係る配慮について（依頼・PDF）
TAG_ADD,※
TAG_ADD,詳細は、各学校からのお知らせ等をご確認ください。
TAG_ADD,学びの支援サイト
TAG_ADD,何かわからないことがあれば、
TAG_ADD,ひたちなか市
TAG_ADD,退院者数
TAG_ADD,島根出身学生有志
TAG_ADD,各都道府県の運営者・GitHubリポジトリを確認したい場合は、パソコンからこのページをご覧ください。
TAG_ADD,https://marketingplatform.google.com/about/analytics/terms/jp/
TAG_ADD,香川県
TAG_ADD,茨城県新型コロナウイルス感染症対策医療従事者応援金
TAG_ADD,新型コロナ情報まとめ
TAG_ADD,茨城県
TAG_ADD,マスクをして公共交通機関をできるだけ使わずに受診をしてください。
TAG_ADD,※最新の情報はWebページをご覧ください
TAG_ADD,女性
TAG_ADD,茨城県による公式情報と客観的な数値をわかりやすく伝えることで、茨城県にお住まいの方や、茨城県内に拠点を持つ企業の方、茨城県を訪れる方が、現状を把握して適切な対策を取れるようにすることを目的としています。
TAG_ADD,千葉市
TAG_ADD,地元有志
TAG_ADD,※退院は、保健所から報告があり、確認ができているものを反映
TAG_ADD,※「退院」には、自宅療養で陰性化した方を含む
TAG_ADD,県内
TAG_ADD,死亡
TAG_ADD,福岡県
TAG_ADD,このページはご利用いただけません
TAG_ADD,県公式サイトに関すること
TAG_ADD,新型コロナコールセンター（対応言語：日本語）
TAG_ADD,https://policies.google.com/privacy?hl=ja
TAG_ADD,感染予防・健康管理
TAG_ADD,県外
TAG_ADD,お問い合わせ先一覧
TAG_ADD,自分や家族の症状に不安や心配があればまずは電話相談をどうぞ
TAG_ADD,高専生チーム
TAG_ADD,本サイト
TAG_ADD,静岡市
TAG_ADD,（上記の症状がない場合も、軽い症状があるなど不安のある方は、日ごろ受診されている医療機関に電話でご相談ください。）
TAG_ADD,退院数
TAG_ADD,（注）チャーター機帰国者、クルーズ船乗客等は含まれていない
TAG_ADD,当サイトの情報について
TAG_ADD,stopcovid19.yamanashi.devチーム
TAG_ADD,Google Analyticsの利用について
TAG_ADD,医師が検査の必要性を判断いたします。
TAG_ADD,かかりつけ医がいない症状のある方
TAG_ADD,臨時休校中の新型コロナウイルス感染症対応についてのお願い
TAG_ADD,ただし、症状が良くならない場合は再度受診相談窓口またはかかりつけ医に相談してください
TAG_ADD,当サイトでは、サービス向上やサイトの改善のためにGoogle LLCの提供するアクセス分析のツールであるGoogle Analyticsを利用した計測を行っております。
TAG_ADD,全国
TAG_ADD,境町
TAG_ADD,熊本県
TAG_ADD,https://creativecommons.org/licenses/by/4.0/deed.ja
TAG_ADD,不明
TAG_ADD,（注）速報値として公開するものであり、後日確定データとして修正される場合あり
TAG_ADD,調査中
TAG_ADD,岐阜県
TAG_ADD,発生数
TAG_ADD,運営者
TAG_ADD,お子様をお持ちの皆様へ
TAG_ADD,最新のお知らせ
TAG_ADD,北海道
TAG_ADD,クッキー (Cookie) について
TAG_ADD,JUST道IT
TAG_ADD,県公式サイトで見る
TAG_ADD,和歌山県
TAG_ADD,他都道府県の新型コロナ対策サイト
TAG_ADD,現在ご利用できません
TAG_ADD,県公式サイト
TAG_ADD,宮城県
TAG_ADD,大阪府
TAG_ADD,取得したデータはWebサイト利用状況を分析しサービスの改善につなげるため、またはサイト運営者へのレポートを作成するため、その他のサービスの提供に関わる目的に限り、これを使用します。（サイト運営者へのレポートでは、クッキーはブラウザ単位で本サイトのユーザー数をカウントするため、IPアドレスはGoogle Analyticsの分析機能を通じてアクセス元の地域分布（国、州・都道府県、都市）を把握するために利用されています。）
TAG_ADD,新型コロナウイルスの感染が判明した方へ（東京都提供）
TAG_ADD,公式
TAG_ADD,横浜市
TAG_ADD,つくば市
TAG_ADD,前日比
TAG_ADD,◯
TAG_ADD,注釈
TAG_ADD,美浦村
TAG_ADD,プログラム面について
TAG_ADD,デーリー東北新聞社
TAG_ADD,ご家庭でのマスク等の捨て方（東京都提供）
TAG_ADD,つくば保健所管内
TAG_ADD,三重県
TAG_ADD,最終更新
TAG_ADD,このサイトは、茨城県が管理しているものではありません。
TAG_ADD,沖縄県
TAG_ADD,神栖市
TAG_ADD,知事記者会見
TAG_ADD,性別
TAG_ADD,龍ケ崎市
TAG_ADD,情報をシェアする
TAG_ADD,GitHub リポジトリ
TAG_ADD,エフエム和歌山
TAG_ADD,栃木県
TAG_ADD,担当
TAG_ADD,企業の皆様・はたらく皆様へ
TAG_ADD,当プロジェクトは、{githubRepo}にて公開しております。
TAG_ADD,検査実施人数
TAG_ADD,市原市
TAG_ADD,このサイトに関するご意見やご質問などは、県ではなくAsaにお寄せください。
TAG_ADD,Opera Software ASA Opera 最新版
TAG_ADD,愛知県
TAG_ADD,データについて
TAG_ADD,当サイトの更新作業を手伝っていただけると幸いです。
TAG_ADD,{date}の累計
TAG_ADD,新型コロナ受診相談窓口は、24時間対応しています
TAG_ADD,強いだるさ（倦怠感）や息苦しさ（呼吸困難）がある
TAG_ADD,https://support.google.com/analytics/answer/6004245?hl=ja
TAG_ADD,那珂市
TAG_ADD,長野県
TAG_ADD,当サイトの一部ではクッキーを使用しています。
TAG_ADD,Google Chrome 最新版（Windows 10以上, Android 8.0以上）
TAG_ADD,クリエイティブ・コモンズ 表示 4.0 ライセンス
TAG_ADD,風邪のような症状や、37.5℃以上の発熱が続いている
RUN,2020/05/03 15:55
TAG_ADD,新型コロナウイルス感染症に関する電話相談窓口について
TAG_REMOVE,「新型コロナウイルス感染症（対策・相談窓口等）について」
RUN,2020/05/03 08:16
TAG_REMOVE,他県の新型コロナ対策サイト
RUN,2020/05/03 23:59
TAG_ADD,（注）4月30日と5月1日は県からのデータがないため、0人としています
RUN,2020/05/04 16:05
TAG_REMOVE,（注）4月30日と5月1日は県からのデータがないため、0人としています
RUN,2020/05/05 12:58
TAG_ADD,陽性患者数 累計
RUN,2020/05/07 15:43
TAG_ADD,お問い合わせ先・県内保健所一覧
TAG_ADD,管内市町村
TAG_ADD,古河保健所
TAG_ADD,茨城町
TAG_ADD,北茨城市
TAG_ADD,かすみがうら市
TAG_ADD,このサイトに関するご意見やご質問などは、県ではなく当サイトの管理者にお寄せください。
TAG_ADD,潮来保健所
TAG_ADD,河内町
TAG_ADD,中央保健所
TAG_ADD,行方市
TAG_ADD,大洗町
TAG_ADD,茨城県公式サイトで確認する
TAG_ADD,八千代町
TAG_ADD,茨城県庁内
TAG_ADD,利根町
TAG_ADD,水戸市保健所
TAG_ADD,下妻市
TAG_ADD,龍ケ崎保健所
TAG_ADD,つくば保健所
TAG_ADD,日立保健所
TAG_ADD,城里町
TAG_ADD,石岡市
TAG_ADD,土浦保健所
TAG_ADD,ひたちなか保健所
TAG_ADD,平日 9時～17時 対応
TAG_ADD,笠間市
TAG_ADD,東海村
TAG_ADD,五霞町
TAG_ADD,大子町
TAG_ADD,筑西保健所
TAG_ADD,当サイトの管理者
TAG_ADD,常陸大宮市
TAG_ADD,保健所名
TAG_ADD,潮来市
TAG_ADD,高萩市
TAG_ADD,稲敷市
TAG_ADD,鉾田市
TAG_REMOVE,お問い合わせ先一覧
TAG_REMOVE,このサイトに関するご意見やご質問などは、県ではなくAsaにお寄せください。
RUN,2020/05/07 19:37
TAG_ADD,このサイトの更新情報はこちらからどうぞ（Twitterのページへ）
TAG_REMOVE,このページは随時更新されます。更新作業を手伝っていただけると幸いです。
RUN,2020/05/07 20:12
TAG_ADD,このサイトの更新情報はこちらからどうぞ（Twitterのページへ移動します）
TAG_REMOVE,このサイトの更新情報はこちらからどうぞ（Twitterのページへ）
RUN,2020/05/08 09:39
TAG_ADD,このサイトの更新情報はこちらからどうぞ（Twitterへ移動します）
TAG_REMOVE,このサイトの更新情報はこちらからどうぞ（Twitterのページへ移動します）
RUN,2020/05/08 17:53
TAG_ADD,（注）「退院」には、宿泊療養施設から退所した方、自宅療養で陰性化した方を含む
TAG_ADD,※「退院」には、宿泊療養施設から退所した方、自宅療養で陰性化した方を含む
TAG_ADD,死亡者数
TAG_ADD,凡例（単位は人）
TAG_REMOVE,死亡数
TAG_REMOVE,（注）「退院」には、自宅療養で陰性化した方を含む
TAG_REMOVE,※「退院」には、自宅療養で陰性化した方を含む
TAG_REMOVE,退院数
RUN,2020/05/09 01:03
TAG_ADD,中等症
TAG_ADD,軽症
TAG_ADD,療養中
TAG_REMOVE,（療養期間経過を含む）
TAG_REMOVE,軽症・<br />中等症
TAG_REMOVE,（注）「入院中」には、入院調整中・宿泊療養に移行した方を含む
TAG_REMOVE,入院中・<br />入院予定
RUN,2020/05/09 18:56
TAG_ADD,当サイトに掲載されている情報の正確性については万全を期していますが、茨城県及び当サイトの管理者は利用者が当サイトの情報を用いて行う一切の行為について責任を負うものではありません。
TAG_REMOVE,当サイトに掲載されている情報の正確性については万全を期していますが、茨城県は利用者が当サイトの情報を用いて行う一切の行為について責任を負うものではありません。
RUN,2020/05/10 15:34
TAG_ADD,（注）「重症」は、集中治療室（ICU）等での管理又は人工呼吸器管理が必要な患者数を計上
TAG_ADD,（注）医療機関等が行った検査も含む
TAG_ADD,（注）医療機関等での検査人数、チャーター機帰国者、クルーズ船乗客等は含まれていない
TAG_ADD,現在改修中
TAG_ADD,Opera 最新版
TAG_REMOVE,（注）医療機関が保険適用で行った検査も含む
TAG_REMOVE,（注）医療機関が保険適用で行った検査は含まれていない
TAG_REMOVE,Opera Software ASA Opera 最新版
RUN,2020/05/11 22:20
TAG_ADD,比較的軽い風邪の症状
TAG_ADD,（上記の症状がない場合も、不安に思う方は、日ごろ受診されている医療機関に電話でご相談ください。）
TAG_ADD,症状には個人差がありますので、強い症状と思う場合にはすぐに相談してください。解熱剤などを飲み続けなければならない方も同様です。
TAG_ADD,不安に思う方
TAG_ADD,強い症状
TAG_ADD,新型コロナ受診相談窓口、またはかかりつけ医によって新型コロナ外来（帰国者・接触者外来）またはPCR検査センターの受診が必要だと判断された方
TAG_ADD,市川市
TAG_ADD,発熱や咳などの{minorSymptom}がある
TAG_ADD,個人（学生）
TAG_ADD,息苦しさ（呼吸困難）、強いだるさ（倦怠感）、高熱等の{majorSymptom}がある
TAG_ADD,妊娠中の方、重症化しやすい方（高齢者、糖尿病、心不全、呼吸器疾患（COPD等）等の基礎疾患がある方や透析を受けている方、免疫抑制剤や抗がん剤等を用いている方）はすぐに、それ以外の方は症状が４日以上続いた場合は必ず、相談してください。
TAG_ADD,感染したかもしれないと不安に思う方、感染予防法を知りたい方などは、下記、新型コロナコールセンターにご相談ください。
TAG_REMOVE,軽い症状があり不安のある方
TAG_REMOVE,下記、新型コロナコールセンターにご相談ください。
TAG_REMOVE,ご高齢の方・基礎疾患のある方・妊娠中の方は2日程度続いた場合、それ以外の方は4日以上続いた場合を相談の目安としてください。
TAG_REMOVE,新型コロナ受診相談窓口、またはかかりつけ医によって新型コロナ外来（帰国者・接触者外来）の受診が必要だと判断された方
TAG_REMOVE,軽い症状があり、不安のある方
TAG_REMOVE,（上記の症状がない場合も、軽い症状があるなど不安のある方は、日ごろ受診されている医療機関に電話でご相談ください。）
TAG_REMOVE,強いだるさ（倦怠感）や息苦しさ（呼吸困難）がある
TAG_REMOVE,風邪のような症状や、37.5℃以上の発熱が続いている
TAG_REMOVE,現在改修中
RUN,2020/05/12 19:12
TAG_ADD,（注）陰性化確認している人数を含む
TAG_ADD,（注）「陰性化確認」は、退院した方、宿泊療養施設から退所した方を含め、陰性化した方を指す
TAG_ADD,現在療養中
TAG_ADD,（注）陰性化確認者数の把握には一定の期間を要しており、確認次第数値を更新している
TAG_ADD,陰性化確認者数
TAG_ADD,※「陰性化確認」は、退院した方、宿泊療養施設から退所した方を含め、陰性化した方を指す
TAG_ADD,陰性化確認※
TAG_ADD,陰性化確認
TAG_REMOVE,（注）退院している人数を含む
TAG_REMOVE,入院者数
TAG_REMOVE,（注）退院者数の把握には一定の期間を要しており、確認次第数値を更新している
TAG_REMOVE,入院者数には、入院予定の患者を含む
TAG_REMOVE,退院
TAG_REMOVE,退院※
TAG_REMOVE,退院者数
TAG_REMOVE,※退院は、保健所から報告があり、確認ができているものを反映
TAG_REMOVE,（注）「退院」には、宿泊療養施設から退所した方、自宅療養で陰性化した方を含む
TAG_REMOVE,※「退院」には、宿泊療養施設から退所した方、自宅療養で陰性化した方を含む
RUN,2020/05/14 17:37
TAG_ADD,（注）回復している人数を含む
TAG_ADD,回復済
TAG_ADD,※「回復」は、退院した方、宿泊療養施設から退所した方を含め、陰性化した方を指す
TAG_ADD,回復※
TAG_ADD,回復者数
TAG_ADD,（注）回復者数の把握には一定の期間を要しており、確認次第数値を更新している
TAG_ADD,（注）「回復」は、退院した方、宿泊療養施設から退所した方を含め、陰性化した方を指す
TAG_REMOVE,（注）陰性化確認している人数を含む
TAG_REMOVE,（注）「陰性化確認」は、退院した方、宿泊療養施設から退所した方を含め、陰性化した方を指す
TAG_REMOVE,（注）陰性化確認者数の把握には一定の期間を要しており、確認次第数値を更新している
TAG_REMOVE,陰性化確認者数
TAG_REMOVE,※「陰性化確認」は、退院した方、宿泊療養施設から退所した方を含め、陰性化した方を指す
TAG_REMOVE,陰性化確認※
TAG_REMOVE,陰性化確認
RUN,2020/05/14 18:00
TAG_ADD,回復済※
TAG_ADD,※「回復済」は、退院した方、宿泊療養施設から退所した方を含め、陰性化した方を指す
TAG_ADD,（注）「回復済」は、退院した方、宿泊療養施設から退所した方を含め、陰性化した方を指す
TAG_REMOVE,※「回復」は、退院した方、宿泊療養施設から退所した方を含め、陰性化した方を指す
TAG_REMOVE,回復※
TAG_REMOVE,（注）「回復」は、退院した方、宿泊療養施設から退所した方を含め、陰性化した方を指す
RUN,2020/05/15 16:44
TAG_ADD,当サイトは新型コロナウイルス感染症 (COVID-19) に関する最新情報を提供するために、茨城県内の有志が開設したものです。
TAG_REMOVE,当サイトは新型コロナウイルス感染症 (COVID-19) に関する最新情報を提供するために、東京都が開設したものを、茨城県向けに改変したものです。
RUN,2020/05/17 08:54
TAG_ADD,茨城版コロナNext
TAG_ADD,市町村毎の感染状況（地図）
TAG_ADD,（注）病床稼働率は最新のデータでない可能性あり
TAG_ADD,（参考）茨城版コロナNextにおけるStage指標
TAG_ADD,（注）各値は直近1週間の平均値
TAG_REMOVE,市町村毎の感染状況(地図)
RUN,2020/05/17 11:10
TAG_ADD,1ページ当たり
TAG_ADD,ご家庭でのマスク等の捨て方に関すること
TAG_ADD,（注）「退院等」には、療養期間経過を含む。
TAG_ADD,北九州市
TAG_ADD,Code for Kitakyushu
TAG_ADD,{itemsLength} 項目中 {pageStart} - {pageStop}
TAG_ADD,新規患者に関する報告件数の推移
TAG_ADD,環境局
TAG_ADD,日別値
TAG_ADD,（注）保健所から発生届が提出された日を基準とする
RUN,2020/05/17 17:04
TAG_ADD,陰性者数
TAG_ADD,陽性率
TAG_ADD,検査実施人数と陽性率の推移
TAG_ADD,{date}の陽性率
TAG_ADD,（注）陽性率：陽性判明数／（陽性判明数＋陰性判明数）
RUN,2020/05/17 08:33
TAG_REMOVE,ご家庭でのマスク等の捨て方に関すること
TAG_REMOVE,Code for Kitakyushu
TAG_REMOVE,環境局
RUN,2020/05/18 17:24
TAG_ADD,茨城版コロナNext Stage3への緩和について
TAG_ADD,このページをシェア
TAG_ADD,facebookでこのページをシェア
TAG_ADD,このページをシェアする
TAG_ADD,LINEでこのページをシェア
TAG_ADD,Twitterでこのページをシェア
TAG_REMOVE,茨城県緊急事態措置について
RUN,2020/05/18 09:13
TAG_REMOVE,（注）「重症」は、集中治療室（ICU）等での管理又は人工呼吸器管理が必要な患者数を計上
TAG_REMOVE,（注）「退院等」には、療養期間経過を含む。
RUN,2020/05/21 21:13
TAG_ADD,（注）NaNと表示されている場合には、お手数ですが当サイトの管理者にお知らせください。早急に修正いたします。
RUN,2020/05/21 22:13
TAG_ADD,茨城版コロナNext Stage3について
TAG_ADD,現在の対策状況：
RUN,2020/05/22 16:55
TAG_ADD,※5/25以降、Stage2への緩和を予定。
TAG_ADD,※引き続き感染者数が抑制できれば、6/8以降、Stage1への緩和を予定。
RUN,2020/05/23 18:50
TAG_ADD,茨城版コロナNext Stage2について
TAG_ADD,（注）端数の関係上、合計しても必ずしも100%とはならない
RUN,2020/05/24 13:11
TAG_ADD,PCR検査の陽性率
TAG_ADD,TOKYOおはようスクール
TAG_ADD,{date} の数値
TAG_ADD,（注）直近1週間の新規陽性者の報告数とその前の1週間の報告数が共に0の場合、増減がないため1となる
TAG_ADD,（注）集団感染発生や曜日による件数のばらつきにより、日々の結果が変動するため、こうしたばらつきを平準化し全体の傾向を見る趣旨から、過去7日間の移動平均値を陽性率として算出（例えば、5月7日の陽性率は、5月1日から5月7日までの実績平均を用いて算出）
TAG_ADD,（注）集団感染発生や曜日による件数のばらつきにより、日々の結果が変動するため、こうしたばらつきを平準化し全体の傾向を見る趣旨から、過去7日間の移動平均値を折れ線グラフで示す（たとえば、5月7日の移動平均値は、5月1日から5月7日までの実績値を平均したもの）
TAG_ADD,妊娠中の方、重症化しやすい方（高齢者、糖尿病、心不全、呼吸器疾患（COPD等）等の基礎疾患がある方や透析を受けている方、免疫抑制剤や抗がん剤等を用いている方）はすぐに、それ以外の方は症状が4日以上続いた場合は必ず、相談してください。
TAG_ADD,石川県（<b>{{ $t(
TAG_ADD,７日間移動平均
TAG_ADD,の数値
TAG_ADD,（注）直近1週間の保健所からの新規陽性者の報告数とその前の1週間の報告数の比率。1を上回ると増加し、1を下回ると減少する
TAG_ADD,ご家庭でのマスク等の捨て方に関すること
TAG_ADD,環境局
TAG_ADD,（注）1週間前の新規陽性者の報告数と比較した際の増加比について、有意な数値がとれる3月29日から作成
TAG_ADD,（注）陽性率：陽性判明数の移動平均／（陽性判明数＋陰性判明数）の移動平均
TAG_ADD,（注）前の1週間の報告数が0の場合、（直近1週間の新規陽性者の報告数平均）＋1で対応している
TAG_ADD,{date}の数値
TAG_ADD,学校休校中の子供たちの生活や学習を応援するテレビ番組です。
TAG_ADD,週単位の陽性者増加比
TAG_REMOVE,重症
TAG_REMOVE,読み込み中
TAG_REMOVE,中等症
TAG_REMOVE,軽症
TAG_REMOVE,療養中
TAG_REMOVE,妊娠中の方、重症化しやすい方（高齢者、糖尿病、心不全、呼吸器疾患（COPD等）等の基礎疾患がある方や透析を受けている方、免疫抑制剤や抗がん剤等を用いている方）はすぐに、それ以外の方は症状が４日以上続いた場合は必ず、相談してください。
TAG_REMOVE,検査実施人数と陽性率の推移
TAG_REMOVE,{date}の陽性率
TAG_REMOVE,（注）陽性率：陽性判明数／（陽性判明数＋陰性判明数）
RUN,2020/05/24 13:23
TAG_ADD,療養中
RUN,2020/05/24 05:20
TAG_REMOVE,石川県（<b>{{ $t(
RUN,2020/05/24 05:24
TAG_REMOVE,ご家庭でのマスク等の捨て方に関すること
TAG_REMOVE,環境局
RUN,2020/05/25 16:07
TAG_ADD,凡例をクリック（タップ）することにより、そのグラフを非表示にすることができます。もう一度クリックすると再表示します。
TAG_ADD,茨城版コロナNext Stage2への緩和について
TAG_REMOVE,茨城版コロナNext Stage3への緩和について
TAG_REMOVE,茨城版コロナNext Stage3について
TAG_REMOVE,※5/25以降、Stage2への緩和を予定。
RUN,2020/05/25 16:54
TAG_ADD,凡例をクリックすることにより、そのグラフを非表示にすることができます。もう一度クリックすると再表示します。
TAG_REMOVE,凡例をクリック（タップ）することにより、そのグラフを非表示にすることができます。もう一度クリックすると再表示します。
RUN,2020/05/25 17:53
TAG_ADD,凡例をクリックすることにより、グラフを非表示にすることができます。もう一度クリックすると再表示します。
TAG_REMOVE,凡例をクリックすることにより、そのグラフを非表示にすることができます。もう一度クリックすると再表示します。
RUN,2020/05/25 18:33
TAG_ADD,県内の感染状況
TAG_ADD,陽性者のうち濃厚接触者以外の数
TAG_ADD,1日当たりの経路不明陽性者数
TAG_ADD,病床稼働率
TAG_ADD,都内の感染状況
TAG_ADD,感染を概ね抑制できている状態
TAG_ADD,感染が拡大している状態
TAG_ADD,1日当たりの陽性者数
TAG_ADD,感染爆発・医療崩壊のリスクが高い状態
TAG_ADD,県内の医療提供体制
TAG_ADD,重症病床稼働率
TAG_ADD,感染を抑制できている状態
RUN,2020/05/26 10:16
TAG_REMOVE,（注）集団感染発生や曜日による件数のばらつきにより、日々の結果が変動するため、こうしたばらつきを平準化し全体の傾向を見る趣旨から、過去7日間の移動平均値を折れ線グラフで示す（たとえば、5月7日の移動平均値は、5月1日から5月7日までの実績値を平均したもの）
TAG_REMOVE,７日間移動平均
RUN,2020/05/31 14:58
TAG_ADD,現在までに開設された都道府県：
TAG_ADD,茨城県緊急事態措置について
TAG_ADD,富山県および徳島県のサイトは開設されていないか、データベースに載っていません。
TAG_REMOVE,新型コロナコールセンター相談件数
TAG_REMOVE,陽性患者数
TAG_REMOVE,新型コロナウイルス感染症対策サイト
TAG_REMOVE,当サイトの更新作業を手伝っていただけると幸いです。
TAG_REMOVE,{date} の数値
RUN,2020/05/31 18:14
TAG_ADD,（注）県が公表しておらず、検査実施人数が不明な日は、陽性者・陰性者ともに0名と表示される
TAG_ADD,（注）県が公表しておらず、検査実施人数が不明な日は0名と表示される
RUN,2020/06/04 23:27
TAG_ADD,ふりがな
TAG_ADD,整理番号
TAG_ADD,※県が整理番号を公表しなくなったため、「回復済」ラベルを消去しました。
TAG_ADD,地域
TAG_REMOVE,例目
TAG_REMOVE,00歳
TAG_REMOVE,◯
TAG_REMOVE,現在療養中
TAG_REMOVE,回復済※
RUN,2020/06/05 17:49
TAG_ADD,茨城版コロナNext Stage1への緩和について
TAG_ADD,茨城版コロナNext Stage1について
TAG_REMOVE,※「回復済」は、退院した方、宿泊療養施設から退所した方を含め、陰性化した方を指す
TAG_REMOVE,茨城版コロナNext Stage2への緩和について
RUN,2020/06/07 12:35
TAG_ADD,Stage{num}
TAG_ADD,{date}
TAG_ADD,社会経済活動再開に向けた対策の段階的緩和
TAG_ADD,社会経済活動再開に向けた対策の段階的緩和については、6つの指標における直近1週間の平均値等から判断して、「Stage1」から「Stage4」までの4段階を設定し、段階的に県としての対策を緩和します。
TAG_ADD,{date} の数値
TAG_ADD,ここに載っている情報は、必ずしも最新の情報ではなく、すべての情報が載っているわけでもないということをご承知ください。
TAG_ADD,{date} Stage{num}に移行
RUN,2020/06/07 12:58
TAG_ADD,富山県
TAG_ADD,徳島県
TAG_ADD,富山県公認
TAG_REMOVE,富山県および徳島県のサイトは開設されていないか、データベースに載っていません。
RUN,2020/06/07 04:58
TAG_REMOVE,{date} の数値
RUN,2020/06/08 09:50
TAG_REMOVE,※引き続き感染者数が抑制できれば、6/8以降、Stage1への緩和を予定。
TAG_REMOVE,茨城版コロナNext Stage1について
RUN,2020/06/11 19:09
TAG_ADD,茨城版コロナNext Stage1について
TAG_REMOVE,茨城版コロナNext Stage2について
RUN,2020/06/14 17:14
TAG_ADD,（注）検査結果の判明日を基準とする
RUN,2020/06/19 20:40
TAG_ADD,本アプリは多くの方にお使いいただくほど効果を発揮します。下部のボタンからインストールをお願いします。
TAG_ADD,厚生労働省が公式提供する、新型コロナウイルス陽性登録した人との接触をお知らせするアプリです。
TAG_ADD,新型コロナウイルス接触確認アプリ（日本厚生労働省公式）
RUN,2020/06/23 17:54
TAG_ADD,（注）民間検査機関、帰国者・接触者外来設置等医療機関、その他の検査機関による検査は含まれていない
RUN,2020/06/30 18:12
TAG_ADD,午前8時30分から午後10時（土日祝含む）
TAG_ADD,新型コロナ受診相談窓口は、7月1日より24時間対応ではなくなりました
RUN,2020/07/03 19:14
TAG_ADD,茨城版コロナNext Stage2について
TAG_ADD,龍ケ崎市
TAG_ADD,茨城版コロナNext Stage4について
TAG_ADD,茨城版コロナNext Stage3について
RUN,2020/07/10 18:46
TAG_ADD,筑西保健所管内
RUN,2020/07/11 17:51
TAG_ADD,{date} に Stage{num} へ強化されました
RUN,2020/07/11 21:47
TAG_ADD,濃厚接触者
RUN,2020/07/13 19:19
TAG_ADD,中央保健所管内
RUN,2020/07/15 19:38
TAG_ADD,五霞市
TAG_ADD,土浦保健所管内
TAG_ADD,潮来保健所管内
RUN,2020/07/18 19:29
TAG_ADD,ひたちなか保健所管内
TAG_ADD,古河保健所管内
RUN,2020/07/18 22:18
TAG_ADD,計
TAG_ADD,※「濃厚接触者」は、家族や知人などからの感染の可能性が高い方、クラスターに関係する方を指す。
TAG_ADD,新規
TAG_ADD,※「新規」は、「濃厚接触者」ではない方を指す。渡航歴がある方、県外感染の可能性が高い方（帰省等）、感染経路が不明である方のこと。
TAG_ADD,年代別の感染状況
RUN,2020/07/18 22:39
TAG_ADD,※「新規の割合」＝（新規）/（計）で算出。端数の関係上、合計しても必ずしも100%とはならない
TAG_ADD,全体に占める割合
TAG_ADD,新規の割合
TAG_ADD,※「全体に占める割合」＝（計）/（累計陽性者数）で算出。端数の関係上、合計しても必ずしも100%とはならない
RUN,2020/07/23 18:45
TAG_ADD,重症
TAG_ADD,軽症
TAG_ADD,公認
TAG_ADD,集団感染発生や曜日による数値のばらつきにより、日々の結果が変動するため、こうしたばらつきを平準化し全体の傾向を見る趣旨から、過去7日間の移動平均値をもとに算出し、折れ線グラフで示す（例えば、5月7日の陽性率は、5月1日から5月7日までの実績平均を用いて算出）
TAG_ADD,（注）「軽症」、「中等症」、...、「その他」の割合は、「療養中」に占める割合を示す
TAG_ADD,民間検査機関、帰国者・接触者外来設置等医療機関、その他の検査機関による検査は含まれていない
TAG_ADD,速報値として公開するものであり、後日確定データとして修正される場合あり
TAG_ADD,中等症
TAG_ADD,子供たちの学びを支援する様々なウェブサイトを紹介しています。
TAG_ADD,新型コロナウイルス感染症対応についてのお願い
TAG_ADD,自宅療養
TAG_ADD,県が公表しておらず、検査実施人数が不明な日は、陽性者・陰性者ともに0名と表示される
TAG_ADD,その他 参考指標
TAG_ADD,ご家庭でのマスク等の捨て方（東京都のサイトへ）
TAG_ADD,宿泊療養
TAG_ADD,{date} の数値
TAG_ADD,広島市
TAG_ADD,モニタリング項目
TAG_ADD,新型コロナウイルスの感染が判明した方へ（東京都のサイトへ）
RUN,2020/07/24 17:56
TAG_ADD,県公式情報がほとんど更新されないため、このデータは更新の頻度が低い
TAG_ADD,端数の関係上、合計しても必ずしも100%とはならない
TAG_ADD,検査実施件数 合計
TAG_ADD,合計
TAG_ADD,同一の対象者について複数の検体を検査する場合がある
TAG_ADD,検査実施人数（県衛生研究所・水戸市保健所）
TAG_ADD,検査実施件数（全体）
TAG_ADD,{date} 時点でのデータである
TAG_ADD,確認された陽性者の数
RUN,2020/07/25 12:05
TAG_ADD,感染経路不明者数推移
TAG_ADD,保健所から発生届が提出された日別（報告日別）の新規陽性者について、感染経路等の不明者、判明者に区分したものである
TAG_ADD,集団感染発生や曜日による数値のばらつきにより、日々の結果が変動するため、こうしたばらつきを平準化し全体の傾向を見る趣旨から、過去7日間の移動平均値を不明者数として算出（例えば、5月7日の移動平均値は、5月1日から5月7日までの実績値を平均したもの）
TAG_ADD,増加比は、1週間前の感染経路不明者数（移動平均値）との比較
TAG_ADD,濃厚接触者数
TAG_ADD,感染経路不明者数（7日間移動平均）
TAG_ADD,増加比
TAG_ADD,1週間前の新規陽性者の報告数と比較した際の増加比について、有意な数値がとれる3月29日から作成
TAG_ADD,感染経路不明者数
RUN,2020/08/06 21:07
TAG_ADD,検査結果の判明日を基準とする
TAG_ADD,各値は直近1週間の平均値
TAG_ADD,回復者数の把握には一定の期間を要しており、確認次第数値を更新している
TAG_ADD,病床稼働率は最新のデータでない可能性あり
TAG_ADD,・回復している人数を含む
TAG_ADD,「濃厚接触者」は、家族や知人などからの感染の可能性が高い方、クラスターに関係する方を指す。
TAG_ADD,「回復済」は、退院した方、宿泊療養施設から退所した方を含め、陰性化した方を指す
TAG_ADD,保健所から発生届が提出された日を基準とする
TAG_ADD,「軽症」、「中等症」、...、「その他」の割合は、「療養中」に占める割合を示す
TAG_ADD,県が公表しておらず、検査実施人数が不明な日は0名と表示される
TAG_ADD,医療機関等での検査人数、チャーター機帰国者、クルーズ船乗客等は含まれていない
TAG_ADD,「全体に占める割合」＝（計）/（累計陽性者数）で算出。端数の関係上、合計しても必ずしも100%とはならない
TAG_ADD,医療機関等が行った検査も含む
TAG_ADD,県が整理番号を公表しなくなったため、「回復済」ラベルを消去しました。
TAG_ADD,「新規」は、「濃厚接触者」ではない方を指す。渡航歴がある方、県外感染の可能性が高い方（帰省等）、感染経路が不明である方のこと。
TAG_ADD,前の1週間の報告数が0の場合、（直近1週間の新規陽性者の報告数平均）＋1で対応している
TAG_ADD,チャーター機帰国者、クルーズ船乗客等は含まれていない
TAG_ADD,直近1週間の保健所からの新規陽性者の報告数とその前の1週間の報告数の比率。1を上回ると増加し、1を下回ると減少する
TAG_ADD,NaNと表示されている場合には、お手数ですが当サイトの管理者にお知らせください。早急に修正いたします。
TAG_ADD,陽性率：陽性判明数の移動平均／（陽性判明数＋陰性判明数）の移動平均
TAG_ADD,直近1週間の新規陽性者の報告数とその前の1週間の報告数が共に0の場合、増減がないため1となる
RUN,2020/08/06 23:03
TAG_ADD,水戸市「PCR検査ローラー作戦」の状況
TAG_ADD,事前予約制であり、希望者はコールセンターに電話する必要がある
TAG_ADD,民間検査機関が「別枠で」行う検査であり、県衛生研究所等の検査数には含まれない
TAG_ADD,「PCR検査ローラー作戦」は、水戸市の特定繁華街の店舗従事者及び検査希望者を対象とした無料のPCR検査である
TAG_ADD,受付人数
TAG_ADD,検体採取済人数
RUN,2020/08/06 23:19
TAG_ADD,「濃厚接触者」は、家族や知人などからの感染の可能性が高い方、クラスターに関係する方を指す
TAG_ADD,発生数計
TAG_ADD,「新規」は、「濃厚接触者」ではない方を指す。渡航歴がある方、県外感染の可能性が高い方（帰省等）、感染経路が不明である方のこと
RUN,2020/08/08 23:17
TAG_ADD,集団感染発生や曜日による数値のばらつきにより、日々の結果が変動するため、こうしたばらつきを平準化し全体の傾向を見る趣旨から、過去7日間の移動平均値を不明者数として算出（例えば、7月7日の移動平均値は、7月1日から7月7日までの実績値を平均したもの）
TAG_ADD,集団感染発生や曜日による数値のばらつきにより、日々の結果が変動するため、こうしたばらつきを平準化し全体の傾向を見る趣旨から、過去7日間の移動平均値をもとに算出し、折れ線グラフで示す（例えば、7月7日の陽性率は、7月1日から7月7日までの実績平均を用いて算出）
TAG_ADD,これまでの累計
TAG_ADD,第1波は3/17～5/5の期間、第2波は6/20～(現在)の期間を指す
TAG_ADD,第1波
TAG_ADD,集団感染発生や曜日による数値のばらつきにより、日々の結果が変動するため、こうしたばらつきを平準化し全体の傾向を見る趣旨から、過去7日間の移動平均値をもとに算出し、折れ線グラフで示す（例えば、4月7日の陽性率は、4月1日から4月7日までの実績平均を用いて算出）
TAG_ADD,集団感染発生や曜日による数値のばらつきにより、日々の結果が変動するため、こうしたばらつきを平準化し全体の傾向を見る趣旨から、過去7日間の移動平均値を不明者数として算出（例えば、4月7日の移動平均値は、4月1日から4月7日までの実績値を平均したもの）
TAG_ADD,第2波
TAG_ADD,1週間前の新規陽性者の報告数と比較した際の増加比について、有意な数値がとれる7月3日から作成
RUN,2020/08/08 23:32
TAG_ADD,年代別の感染状況（第2波）
TAG_ADD,感染経路不明者数推移（第1波）
TAG_ADD,死亡者数（第1波）
TAG_ADD,新規患者に関する報告件数の推移（第2波）
TAG_ADD,死亡者数（第2波）
TAG_ADD,市町村毎の感染状況（第2波）
TAG_ADD,週単位の陽性者増加比（第2波）
TAG_ADD,回復者数（第1波）
TAG_ADD,新規患者に関する報告件数の推移（第1波）
TAG_ADD,新型コロナ電話相談件数（第1波）
TAG_ADD,PCR検査の陽性率（第1波）
TAG_ADD,検査実施人数（県衛生研究所・水戸市保健所）（第1波）
TAG_ADD,陽性患者の属性（第2波）
TAG_ADD,市町村毎の感染状況（第1波）
TAG_ADD,週単位の陽性者増加比（第1波）
TAG_ADD,PCR検査の陽性率（第2波）
TAG_ADD,感染経路不明者数推移（第2波）
TAG_ADD,検査実施人数（県衛生研究所・水戸市保健所）（第2波）
TAG_ADD,陽性患者の属性（第1波）
TAG_ADD,新型コロナ電話相談件数（第2波）
TAG_ADD,回復者数（第2波）
TAG_ADD,年代別の感染状況（第1波）
RUN,2020/08/10 14:04
TAG_ADD,全期間
RUN,2020/08/21 19:00
TAG_ADD,【公式】
TAG_ADD,【公認】
RUN,2020/08/22 21:38
TAG_ADD,8月30日まで実施予定
TAG_ADD,「PCR検査ローラー作戦」は、特定地域の店舗従事者及び検査希望者を対象とした無料のPCR検査である
TAG_ADD,ローラー作戦
TAG_ADD,つくば市天久保「PCR検査ローラー作戦」の状況
TAG_ADD,つくば市天久保
TAG_ADD,8月21日まで実施
RUN,2020/08/28 22:10
TAG_ADD,9月6日まで実施予定
RUN,2020/09/08 19:08
TAG_ADD,9月6日まで実施
RUN,2020/09/13 16:41
TAG_ADD,{date} に Stage{num} へ緩和されました
RUN,2020/09/25 17:39
TAG_ADD,（非公式）
RUN,2020/09/26 19:25
TAG_ADD,「軽症」、「中等症」、...、「自宅療養」の割合は、「療養中」に占める割合を示す
TAG_ADD,「その他」は、県外で療養・回復されている方を指す。茨城県ではデータを管理していないため、療養中・回復済の区分ができない
